node_id,site,group,sex,sars,index,hhid,degree,weighted_degree_sec,contact_count,degree_centrality,betweenness_centrality,closeness_centrality,clustering,core_number,graph_center_score,structural_source_label
1098,SocioPatterns hospital ward,ADM,Unknown,Unknown,Unknown,sociopatterns_hospital_component_0,61,29600.0,1480.0,0.8243243243243243,0.040408304449621735,0.8505747126436781,0.4896174863387978,22,0.5,0
1100,SocioPatterns hospital ward,NUR,Unknown,Unknown,Unknown,sociopatterns_hospital_component_0,28,5760.0,288.0,0.3783783783783784,0.0028539862294660436,0.6166666666666667,0.7354497354497355,22,0.5,0
1105,SocioPatterns hospital ward,NUR,Unknown,Unknown,Unknown,sociopatterns_hospital_component_0,27,7460.0,373.0,0.36486486486486486,0.0019077350880391231,0.6115702479338843,0.7606837606837606,22,0.5,0
1108,SocioPatterns hospital ward,NUR,Unknown,Unknown,Unknown,sociopatterns_hospital_component_0,34,8600.0,430.0,0.4594594594594595,0.0036521778576242775,0.6491228070175439,0.7094474153297683,22,0.5,0
1109,SocioPatterns hospital ward,NUR,Unknown,Unknown,Unknown,sociopatterns_hospital_component_0,55,34220.0,1711.0,0.7432432432432432,0.0278345684832036,0.7956989247311828,0.5198653198653199,22,0.5,0
1114,SocioPatterns hospital ward,NUR,Unknown,Unknown,Unknown,sociopatterns_hospital_component_0,45,26700.0,1335.0,0.6081081081081081,0.015920784906134144,0.7184466019417476,0.5666666666666667,22,0.5,0
1115,SocioPatterns hospital ward,NUR,Unknown,Unknown,Unknown,sociopatterns_hospital_component_0,57,85720.0,4286.0,0.7702702702702703,0.028688877674588616,0.8131868131868132,0.5012531328320802,22,0.5,0
1116,SocioPatterns hospital ward,NUR,Unknown,Unknown,Unknown,sociopatterns_hospital_component_0,19,1860.0,93.0,0.25675675675675674,0.002017484906567927,0.5736434108527132,0.6549707602339181,17,0.5,0
1130,SocioPatterns hospital ward,MED,Unknown,Unknown,Unknown,sociopatterns_hospital_component_0,32,19140.0,957.0,0.43243243243243246,0.0034160381644040357,0.6379310344827587,0.7157258064516129,22,0.5,0
1142,SocioPatterns hospital ward,NUR,Unknown,Unknown,Unknown,sociopatterns_hospital_component_0,41,4980.0,249.0,0.5540540540540541,0.008775200055909288,0.6915887850467289,0.6170731707317073,22,0.5,0
1144,SocioPatterns hospital ward,MED,Unknown,Unknown,Unknown,sociopatterns_hospital_component_0,50,40900.0,2045.0,0.6756756756756757,0.017897486958894933,0.7551020408163265,0.5779591836734694,22,0.5,0
1148,SocioPatterns hospital ward,MED,Unknown,Unknown,Unknown,sociopatterns_hospital_component_0,33,25920.0,1296.0,0.44594594594594594,0.004279844318948508,0.6434782608695652,0.6723484848484849,22,0.5,0
1149,SocioPatterns hospital ward,NUR,Unknown,Unknown,Unknown,sociopatterns_hospital_component_0,48,38680.0,1934.0,0.6486486486486487,0.013552329083749587,0.74,0.5789007092198581,22,0.5,0
1152,SocioPatterns hospital ward,MED,Unknown,Unknown,Unknown,sociopatterns_hospital_component_0,14,4720.0,236.0,0.1891891891891892,0.0003103848713289317,0.5522388059701493,0.8021978021978022,14,0.5,0
1157,SocioPatterns hospital ward,MED,Unknown,Unknown,Unknown,sociopatterns_hospital_component_0,53,56980.0,2849.0,0.7162162162162162,0.021651503844714686,0.7789473684210526,0.5537010159651669,22,0.5,0
1159,SocioPatterns hospital ward,MED,Unknown,Unknown,Unknown,sociopatterns_hospital_component_0,43,31640.0,1582.0,0.581081081081081,0.011469849319878697,0.7047619047619048,0.6135105204872646,22,0.5,0
1164,SocioPatterns hospital ward,NUR,Unknown,Unknown,Unknown,sociopatterns_hospital_component_0,57,42180.0,2109.0,0.7702702702702703,0.03126633321619272,0.8131868131868132,0.518170426065163,22,0.5,0
1168,SocioPatterns hospital ward,MED,Unknown,Unknown,Unknown,sociopatterns_hospital_component_0,25,8880.0,444.0,0.33783783783783783,0.003339922763069951,0.6016260162601627,0.7333333333333333,21,0.5,0
1179,SocioPatterns hospital ward,ADM,Unknown,Unknown,Unknown,sociopatterns_hospital_component_0,45,13780.0,689.0,0.6081081081081081,0.009605010284535734,0.7184466019417476,0.6252525252525253,22,0.5,0
1181,SocioPatterns hospital ward,NUR,Unknown,Unknown,Unknown,sociopatterns_hospital_component_0,43,25580.0,1279.0,0.581081081081081,0.014670562257182395,0.7047619047619048,0.5902547065337763,22,0.5,0
1190,SocioPatterns hospital ward,NUR,Unknown,Unknown,Unknown,sociopatterns_hospital_component_0,48,24540.0,1227.0,0.6486486486486487,0.022165258003060365,0.74,0.5141843971631206,22,0.5,0
1191,SocioPatterns hospital ward,MED,Unknown,Unknown,Unknown,sociopatterns_hospital_component_0,40,35960.0,1798.0,0.5405405405405406,0.009980108492363454,0.6851851851851852,0.617948717948718,22,0.5,0
1193,SocioPatterns hospital ward,NUR,Unknown,Unknown,Unknown,sociopatterns_hospital_component_0,58,44720.0,2236.0,0.7837837837837838,0.03515642027965048,0.8222222222222222,0.48759830611010285,22,0.5,0
1196,SocioPatterns hospital ward,NUR,Unknown,Unknown,Unknown,sociopatterns_hospital_component_0,45,30020.0,1501.0,0.6081081081081081,0.01365832405490213,0.7184466019417476,0.5696969696969697,22,0.5,0
1202,SocioPatterns hospital ward,NUR,Unknown,Unknown,Unknown,sociopatterns_hospital_component_0,43,15260.0,763.0,0.581081081081081,0.01105884685487505,0.7047619047619048,0.5736434108527132,22,0.5,0
1205,SocioPatterns hospital ward,NUR,Unknown,Unknown,Unknown,sociopatterns_hospital_component_0,49,22100.0,1105.0,0.6621621621621622,0.019905828855245257,0.7474747474747475,0.5476190476190477,22,0.5,0
1207,SocioPatterns hospital ward,NUR,Unknown,Unknown,Unknown,sociopatterns_hospital_component_0,49,62600.0,3130.0,0.6621621621621622,0.02089845463129168,0.7474747474747475,0.5459183673469388,22,0.5,0
1209,SocioPatterns hospital ward,ADM,Unknown,Unknown,Unknown,sociopatterns_hospital_component_0,24,3220.0,161.0,0.32432432432432434,0.0013354291632866203,0.5967741935483871,0.782608695652174,21,0.5,0
1210,SocioPatterns hospital ward,NUR,Unknown,Unknown,Unknown,sociopatterns_hospital_component_0,56,81540.0,4077.0,0.7567567567567568,0.02644993182527256,0.8043478260869565,0.5285714285714286,22,0.5,0
1221,SocioPatterns hospital ward,MED,Unknown,Unknown,Unknown,sociopatterns_hospital_component_0,41,41500.0,2075.0,0.5540540540540541,0.010570855985864776,0.6915887850467289,0.6353658536585366,22,0.5,0
1232,SocioPatterns hospital ward,ADM,Unknown,Unknown,Unknown,sociopatterns_hospital_component_0,28,3260.0,163.0,0.3783783783783784,0.0022065979293561383,0.6166666666666667,0.7354497354497355,22,0.5,0
1238,SocioPatterns hospital ward,NUR,Unknown,Unknown,Unknown,sociopatterns_hospital_component_0,14,2660.0,133.0,0.1891891891891892,0.0018754796616477815,0.5285714285714286,0.23076923076923078,13,0.3333333333333333,0
1245,SocioPatterns hospital ward,NUR,Unknown,Unknown,Unknown,sociopatterns_hospital_component_0,40,16960.0,848.0,0.5405405405405406,0.005826892858906954,0.6851851851851852,0.6833333333333333,22,0.5,0
1246,SocioPatterns hospital ward,NUR,Unknown,Unknown,Unknown,sociopatterns_hospital_component_0,16,4560.0,228.0,0.21621621621621623,0.004316531713712536,0.5401459854014599,0.21666666666666667,13,0.3333333333333333,0
1260,SocioPatterns hospital ward,MED,Unknown,Unknown,Unknown,sociopatterns_hospital_component_0,38,26660.0,1333.0,0.5135135135135135,0.008367924402902249,0.6727272727272727,0.6415362731152204,22,0.5,0
1261,SocioPatterns hospital ward,NUR,Unknown,Unknown,Unknown,sociopatterns_hospital_component_0,27,4040.0,202.0,0.36486486486486486,0.004771527468099012,0.6115702479338843,0.5584045584045584,19,0.5,0
1295,SocioPatterns hospital ward,NUR,Unknown,Unknown,Unknown,sociopatterns_hospital_component_0,56,73900.0,3695.0,0.7567567567567568,0.026827641756601076,0.8043478260869565,0.5240259740259741,22,0.5,0
1305,SocioPatterns hospital ward,PAT,Unknown,Unknown,Unknown,sociopatterns_hospital_component_0,13,1260.0,63.0,0.17567567567567569,0.0009192383473099155,0.5441176470588235,0.6794871794871795,13,0.3333333333333333,0
1307,SocioPatterns hospital ward,PAT,Unknown,Unknown,Unknown,sociopatterns_hospital_component_0,22,7340.0,367.0,0.2972972972972973,0.0018571247397244453,0.5873015873015873,0.70995670995671,19,0.5,0
1320,SocioPatterns hospital ward,PAT,Unknown,Unknown,Unknown,sociopatterns_hospital_component_0,19,2980.0,149.0,0.25675675675675674,0.0007456642648561512,0.5736434108527132,0.7953216374269005,18,0.5,0
1323,SocioPatterns hospital ward,PAT,Unknown,Unknown,Unknown,sociopatterns_hospital_component_0,9,1340.0,67.0,0.12162162162162163,0.0003723851147666195,0.5285714285714286,0.6666666666666666,9,0.3333333333333333,0
1327,SocioPatterns hospital ward,PAT,Unknown,Unknown,Unknown,sociopatterns_hospital_component_0,22,3100.0,155.0,0.2972972972972973,0.002032780102219441,0.5873015873015873,0.7316017316017316,19,0.5,0
1332,SocioPatterns hospital ward,PAT,Unknown,Unknown,Unknown,sociopatterns_hospital_component_0,7,420.0,21.0,0.0945945945945946,0.0002609494528778709,0.5138888888888888,0.7142857142857143,7,0.3333333333333333,0
1352,SocioPatterns hospital ward,PAT,Unknown,Unknown,Unknown,sociopatterns_hospital_component_0,26,16980.0,849.0,0.35135135135135137,0.004540666598052133,0.6065573770491803,0.6061538461538462,20,0.5,0
1362,SocioPatterns hospital ward,PAT,Unknown,Unknown,Unknown,sociopatterns_hospital_component_0,23,8900.0,445.0,0.3108108108108108,0.002009479257587079,0.5873015873015873,0.7075098814229249,21,0.3333333333333333,0
1363,SocioPatterns hospital ward,PAT,Unknown,Unknown,Unknown,sociopatterns_hospital_component_0,20,4880.0,244.0,0.2702702702702703,0.0029747661316842076,0.578125,0.6157894736842106,17,0.5,0
1365,SocioPatterns hospital ward,PAT,Unknown,Unknown,Unknown,sociopatterns_hospital_component_0,41,22260.0,1113.0,0.5540540540540541,0.0148587545060796,0.6915887850467289,0.5695121951219512,22,0.5,0
1373,SocioPatterns hospital ward,PAT,Unknown,Unknown,Unknown,sociopatterns_hospital_component_0,9,920.0,46.0,0.12162162162162163,0.00014184671718918293,0.5138888888888888,0.8333333333333334,9,0.3333333333333333,0
1374,SocioPatterns hospital ward,PAT,Unknown,Unknown,Unknown,sociopatterns_hospital_component_0,23,7340.0,367.0,0.3108108108108108,0.002835310091212877,0.592,0.7035573122529645,19,0.5,0
1377,SocioPatterns hospital ward,PAT,Unknown,Unknown,Unknown,sociopatterns_hospital_component_0,13,1800.0,90.0,0.17567567567567569,7.822819430714113e-05,0.5441176470588235,0.9230769230769231,13,0.3333333333333333,0
1378,SocioPatterns hospital ward,PAT,Unknown,Unknown,Unknown,sociopatterns_hospital_component_0,37,16040.0,802.0,0.5,0.010480716341804594,0.6666666666666666,0.6276276276276276,22,0.5,0
1383,SocioPatterns hospital ward,PAT,Unknown,Unknown,Unknown,sociopatterns_hospital_component_0,34,12480.0,624.0,0.4594594594594595,0.009294616239526632,0.6491228070175439,0.5882352941176471,22,0.5,0
1385,SocioPatterns hospital ward,PAT,Unknown,Unknown,Unknown,sociopatterns_hospital_component_0,21,3060.0,153.0,0.28378378378378377,0.0016139131332631182,0.578125,0.7,20,0.3333333333333333,0
1391,SocioPatterns hospital ward,PAT,Unknown,Unknown,Unknown,sociopatterns_hospital_component_0,33,12060.0,603.0,0.44594594594594594,0.008425733688588474,0.6434782608695652,0.6174242424242424,22,0.5,0
1393,SocioPatterns hospital ward,PAT,Unknown,Unknown,Unknown,sociopatterns_hospital_component_0,23,7780.0,389.0,0.3108108108108108,0.002238252551514775,0.592,0.7509881422924901,20,0.5,0
1395,SocioPatterns hospital ward,PAT,Unknown,Unknown,Unknown,sociopatterns_hospital_component_0,28,6440.0,322.0,0.3783783783783784,0.004249906802760882,0.6166666666666667,0.7116402116402116,22,0.5,0
1399,SocioPatterns hospital ward,PAT,Unknown,Unknown,Unknown,sociopatterns_hospital_component_0,10,1680.0,84.0,0.13513513513513514,0.0006872834767263682,0.5323741007194245,0.5777777777777777,10,0.3333333333333333,0
1401,SocioPatterns hospital ward,PAT,Unknown,Unknown,Unknown,sociopatterns_hospital_component_0,23,9760.0,488.0,0.3108108108108108,0.0018677791079924164,0.592,0.7312252964426877,20,0.5,0
1416,SocioPatterns hospital ward,PAT,Unknown,Unknown,Unknown,sociopatterns_hospital_component_0,16,2320.0,116.0,0.21621621621621623,0.0008315378983361035,0.5606060606060606,0.7416666666666667,16,0.5,0
1460,SocioPatterns hospital ward,PAT,Unknown,Unknown,Unknown,sociopatterns_hospital_component_0,21,3440.0,172.0,0.28378378378378377,0.0018441570039154328,0.5826771653543307,0.6761904761904762,18,0.5,0
1469,SocioPatterns hospital ward,PAT,Unknown,Unknown,Unknown,sociopatterns_hospital_component_0,15,3280.0,164.0,0.20270270270270271,0.000700848329753564,0.5522388059701493,0.7238095238095238,15,0.3333333333333333,0
1485,SocioPatterns hospital ward,NUR,Unknown,Unknown,Unknown,sociopatterns_hospital_component_0,22,9620.0,481.0,0.2972972972972973,0.005396757670847156,0.5736434108527132,0.3722943722943723,17,0.3333333333333333,0
1525,SocioPatterns hospital ward,ADM,Unknown,Unknown,Unknown,sociopatterns_hospital_component_0,6,240.0,12.0,0.08108108108108109,0.00028520597347860964,0.4966442953020134,0.7333333333333333,6,0.3333333333333333,0
1535,SocioPatterns hospital ward,ADM,Unknown,Unknown,Unknown,sociopatterns_hospital_component_0,8,360.0,18.0,0.10810810810810811,0.0006076166202045506,0.5211267605633803,0.75,7,0.3333333333333333,0
1547,SocioPatterns hospital ward,PAT,Unknown,Unknown,Unknown,sociopatterns_hospital_component_0,14,5620.0,281.0,0.1891891891891892,0.0004307897127779226,0.5441176470588235,0.8021978021978022,14,0.3333333333333333,0
1613,SocioPatterns hospital ward,NUR,Unknown,Unknown,Unknown,sociopatterns_hospital_component_0,16,8920.0,446.0,0.21621621621621623,0.0019440124845267707,0.5441176470588235,0.35833333333333334,16,0.3333333333333333,0
1625,SocioPatterns hospital ward,NUR,Unknown,Unknown,Unknown,sociopatterns_hospital_component_0,32,27320.0,1366.0,0.43243243243243246,0.004119598116614182,0.6379310344827587,0.6875,22,0.5,0
1629,SocioPatterns hospital ward,NUR,Unknown,Unknown,Unknown,sociopatterns_hospital_component_0,30,21500.0,1075.0,0.40540540540540543,0.005427069462603627,0.6271186440677966,0.6482758620689655,22,0.5,0
1658,SocioPatterns hospital ward,ADM,Unknown,Unknown,Unknown,sociopatterns_hospital_component_0,51,24840.0,1242.0,0.6891891891891891,0.022657108475668104,0.7628865979381443,0.5411764705882353,22,0.5,0
1660,SocioPatterns hospital ward,MED,Unknown,Unknown,Unknown,sociopatterns_hospital_component_0,22,8080.0,404.0,0.2972972972972973,0.002496005377321586,0.5873015873015873,0.6493506493506493,19,0.5,0
1671,SocioPatterns hospital ward,ADM,Unknown,Unknown,Unknown,sociopatterns_hospital_component_0,10,5780.0,289.0,0.13513513513513514,3.6587756168739245e-05,0.5362318840579711,0.9555555555555556,10,0.5,0
1701,SocioPatterns hospital ward,PAT,Unknown,Unknown,Unknown,sociopatterns_hospital_component_0,18,6120.0,306.0,0.24324324324324326,0.0007843036943436771,0.5692307692307692,0.8235294117647058,17,0.5,0
1702,SocioPatterns hospital ward,PAT,Unknown,Unknown,Unknown,sociopatterns_hospital_component_0,27,9200.0,460.0,0.36486486486486486,0.0026477257997940653,0.6115702479338843,0.717948717948718,22,0.5,0
1769,SocioPatterns hospital ward,PAT,Unknown,Unknown,Unknown,sociopatterns_hospital_component_0,21,3480.0,174.0,0.28378378378378377,0.002190680506690792,0.5826771653543307,0.6761904761904762,19,0.5,0
1784,SocioPatterns hospital ward,PAT,Unknown,Unknown,Unknown,sociopatterns_hospital_component_0,11,1220.0,61.0,0.14864864864864866,0.000441118268528252,0.5323741007194245,0.6727272727272727,11,0.3333333333333333,0
